0,address
0,"New York, New York, United States"
1,US
2,"Brooklyn, New York, United States"
3,"Berkeley, California, United States"
4,"Sarasota, Florida, United States"
5,"Bklyn, NY"
6,"Malibu, California, United States"
7,"Beacon, New York, United States"
8,"New York, United States"
9,"San Miguel de Allende, Guanajuato, Mexico"
10,"Saint-Aubin-sur-Scie, Haute-Normandie, France"
11,"Paris, Île-de-France, France"
12,"Halcottsville, New York, United States"
13,"Florida, New York, United States"
14,"Angels Camp, California, United States"
15,"Maroubra, New South Wales, Australia"
16,"London, England, United Kingdom"
17,United States
18,United Kingdom
19,"Chicago, Illinois, United States"
20,"Stockholm, Stockholm, Sweden"
21,"Brooklyn, NY"
22,"Laurel, Maryland, United States"
23,"Los Angeles, California, United States"
24,"New Jersey, United States"
25,"Arkport, New York, United States"
26,"Queens, New York, United States"
27,"San Francisco, California, United States"
28,Rockaway
29,"Berlin, Berlin, Germany"
30,"Sydney, New South Wales, Australia"
31,"Las Vegas, Nevada, United States"
32,"Great Neck, New York, United States"
33,Stockholm
34,We stay on another houseboat on the dock where you
35,"Jessup, Maryland, United States"
36,Brooklyn
37,"Vancouver, British Columbia, Canada"
38,"Mountain View, California, United States"
39,"Brooklyn, New York"
40,"Los Cerrillos, New Mexico, United States"
41,"Tokyo, Japan"
42,"New York, New York"
43,"Greenville, South Carolina, United States"
44,"Copake, New York, United States"
45,"Bowie, Maryland, United States"
46,"Connecticut, United States"
47,"Brussels, Brussels, Belgium"
48,"Massachusetts, United States"
49,California
50,"Nashville, Tennessee, United States"
51,"Zurich, Zurich, Switzerland"
52,"Amsterdam, North Holland, Netherlands"
53,"New Paltz, New York, United States"
54,"Broomfield, Colorado, United States"
55,"Staten Island, New York, United States"
56,"Miami, Florida, United States"
57,"Manhattan, New York"
58,Brooklyn NY
59,"Mouans-Sartoux, Provence-Alpes-Côte d'Azur, France"
60,"New Orleans, Louisiana, United States"
61,"Brooklyn, New York USA"
62,"Philadelphia, Pennsylvania, United States"
63,"New York, NY"
64,"  Brooklyn, NY  "
65,"Brooklyn, New York, United States and Neversink (1"
66,"Teaneck, New Jersey, United States"
67,"Gothenburg, Västra Götaland County, Sweden"
68,"Oakland, California, United States"
69,"Boston, Massachusetts, United States"
70,BROOKLYN
71,"Palm Beach Gardens, Florida, United States"
72,"Leicester, North Carolina, United States"
73,"Toronto, Ontario, Canada"
74,CA
75,"West Hollywood, California, United States"
76,manhattan new york
77,"Tel Aviv-Yafo, Tel Aviv District, Israel"
78,FR
79,"Boston, New York, United States"
80,"Basel, Basel City, Switzerland"
81,"Magdalena del Mar, Peru"
82,"Miami Beach, Florida, United States"
83,"Buffalo, New York, United States"
84,"Johannesburg, Gauteng, South Africa"
85,"Union City, New Jersey, United States"
86,"Bedford - Stuyvesant, New York, United States"
87,IL
88,"Cary, North Carolina, United States"
89,"San Diego, California, United States"
90,Singapore
91,"Washington, District of Columbia, United States"
92,"Kings, New York, United States"
93,"Westfield, New Jersey, United States"
94,"Athens, Attica, Greece"
95,"Rome, Lazio, Italy"
96,"Nice, Provence-Alpes-Côte d'Azur, France"
97,"Newark, Delaware, United States"
98,"Fort Worth, Texas, United States"
99,Tel Aviv
100,"Calumet, Oklahoma, United States"
101,"brooklyn, new york"
102,"Nuremberg, Bavaria, Germany"
103,"Red Hook, New York, United States"
104,"Charleston, South Carolina, United States"
105,"South Burlington, Vermont, United States"
106,PH
107,"Denver, Colorado, United States"
108,"Barcelona, Catalonia, Spain"
109,"Dublin, County Dublin, Ireland"
110,"Zürich, Zurich, Switzerland"
111,"Umalas, Bali- Indonesia, New York, Guatemala"
112,"Shreveport, Louisiana, United States"
113,"Huntington Beach, California, United States"
114,"Milan, Lombardy, Italy"
115,"Bronx, New York, United States"
116,"London, United Kingdom"
117,"Mexico City, Mexico City, Mexico"
118,"Naples, Florida, United States"
119,"Bozeman, Montana, United States"
120,"Topanga, California, United States"
121,"Somerville, Massachusetts, United States"
122,"Arcadia, California, United States"
123,"Brooklyn, Illinois, United States"
124,"Santa Monica, California, United States"
125,"Little Falls, New York, United States"
126,"Fremont, California, United States"
127,"Plainfield, New Jersey, United States"
128,"North Potomac, Maryland, United States"
129,"Simi Valley, California, United States"
130,"Shawnee, Kansas, United States"
131,"Totowa, New Jersey, United States"
132,"Madrid, Madrid, Spain"
133,"Tewksbury, New Jersey, United States"
134,"I live in the building, right upstairs from the ap"
135,east to west
136,"Englewood, New Jersey, United States"
137,"Cranford, New Jersey, United States"
138,"Passaic, New Jersey, United States"
139,"Rutland, Vermont, United States"
140,"Stanford, California, United States"
141,"Hackettstown, New Jersey, United States"
142,"Austin, Texas, United States"
143,"Jersey City, New Jersey, United States"
144,"Mitcham, England, United Kingdom"
145,"Chappaqua, New York, United States"
146,"Bagdad, Florida, United States"
147,"Pomona, New York, United States"
148,"Utqiagvik, Alaska, United States"
149,"Bergen, Hordaland, Norway"
150,Mexico
151,"El Granada, California, United States"
152,"Temuco, Araucanía, Chile"
153,"Chapel Hill, North Carolina, United States"
154,"brooklyn, ny"
155,"Montevideo, Montevideo Department, Uruguay"
156,"Puerto Rico ,  New York , United States an Mexico"
157,"Manhattan, NY"
158,"Sag Harbor, New York, United States"
159,"Kings Park, New York, United States"
160,"Munich, Bayern, Germany"
161,"Strawberry, California, United States"
162,"Long Beach, New York, United States"
163,I'm a digital nomad!
164,"Santa Cruz, California, United States"
165,"Seattle, Washington, United States"
166,"Moscow, Russia"
167,"Fort Lauderdale, Florida, United States"
168,"California, United States"
169,"Buenos Aires, Autonomous City of Buenos Aires, Arg"
170,London
171,"Olney, Maryland, United States"
172,"Independence, Missouri, United States"
173,"Westlake, Texas, United States"
174,"Stockholm, Stockholm County, Sweden"
175,"Shanghai, Shanghai, China"
176,"Wellington, Wellington, New Zealand"
177,"Sunny Isles Beach, Florida, United States"
178,"Cagliari, Sardinia, Italy"
179,"Oslo, Oslo, Norway"
180,"Stowe, Vermont, United States"
181,"Port Saint Lucie, Florida, United States"
182,"Orange Beach, Alabama, United States"
183,"Brisbane, Queensland, Australia"
184,"La Grange, Kentucky, United States"
185,"Canton, Connecticut, United States"
186,"College Station, Texas, United States"
187,"Stony Brook, New York, United States"
188,DE
189,"Provo, Utah, United States"
190,"Brooklyn, NY "
191,"Long Beach, California, United States"
192,"Honolulu, Hawaii, United States"
193,CN
194,"Santa Fe, New Mexico, United States"
195,"Plano, Texas, United States"
196,"Whitesburg, Kentucky, United States"
197,Italy
198,"Savannah, Georgia, United States"
199,"Kailua-Kona, Hawaii, United States"
200,"Holmdel, New Jersey, United States"
201,"Prairie Village, Kansas, United States"
202,"Copenhagen, Denmark"
203,"Brunswick, Lower Saxony, Germany"
204,"Bedford, Indiana, United States"
205,"North Bergen, New Jersey, United States"
206,"Montrose, New York, United States"
207,"Atlanta, Georgia, United States"
208,"Ridgewood, New Jersey, United States"
209,"Tuckahoe, New York, United States"
210,Bronx
211,"Hartsdale, New York, United States"
212,Long Island NY
213,"Newtown, Connecticut, United States"
214,"New York, NYC"
215,"Yorktown Heights, New York, United States"
216,"Fairfield County, Connecticut, United States"
217,"Santa Ana, California, United States"
218,"New York, Iowa, United States"
219,"Boulder, Colorado, United States"
220,"Great Falls, Virginia, United States"
221,Nassau County New York
222,"White Plains, New York, United States"
223,"Lyon, Rhone-Alpes, France"
224,"Bayonne, New Jersey, United States"
225,"Italy, New York, United States"
226,USA
227,"NYC; Paris, France; Dutchess County, NY"
228,nan
229,"New Haven, Connecticut, United States"
230,"Lexington, Kentucky, United States"
231,"Madrid, Community of Madrid, Spain"
232,"Warwick, New York, United States"
233,"Raleigh, North Carolina, United States"
234,"Laguna Beach, California, United States"
235,"Bordeaux, Nouvelle-Aquitaine, France"
236,"Perry, Florida, United States"
237,"Dallas, Texas, United States"
238,Hong Kong
239,"Ocean City, New Jersey, United States"
240,"Sderot, Israel"
241,"Pine Hill, New York, United States"
242,"Portland, Oregon, United States"
243,"Stone Ridge, New York, United States"
244,"Cape Town, Western Cape, South Africa"
245,florida
246,"Brookline, Massachusetts, United States"
247,Brookyln
248,ES
249,"Bremen, Bremen, Germany"
250,"Haikou, Hainan, China"
251,"Perth, Western Australia, Australia"
252,"Herriman, Utah, United States"
253,"South Windsor, Connecticut, United States"
254,"Fayetteville, New York, United States"
255,Israel
256,"Buenos Aires, Argentina"
257,"Rochester, New York, United States"
258,"Albany, California, United States"
259,"Tarrytown, New York, United States"
260,"Weehawken, New Jersey, United States"
261,"San Antonio, Texas, United States"
262,"Sosua, Puerto Plata, Dominican Republic"
263,"Cambridge, Massachusetts, United States"
264,"Melbourne, Victoria, Australia"
265,"Freehold Township, New Jersey, United States"
266,"Tel Aviv, Israel"
267,"Delhi, India"
268,PL
269,"Kyoto, Kyoto Prefecture, Japan"
270,"San Jose, San Jose, Costa Rica"
271,Norway
272,France
273,"Burlington, Vermont, United States"
274,"Fort Mill, South Carolina, United States"
275,"Houston, Texas, United States"
276,Brazil
277,"Redmond, Washington, United States"
278,"Dix Hills, New York, United States"
279,"Moorestown, New Jersey, United States"
280,"Limoges, New Aquitaine, France"
281,"Albuquerque, New Mexico, United States"
282,"Kingston upon Thames, England, United Kingdom"
283,"Pune, Maharashtra, India"
284,"Champaign, Illinois, United States"
285,"Summit, New Jersey, United States"
286,"New City, New York, United States"
287,"Manhattan, Kansas, United States"
288,"Palermo, Buenos Aires, Argentina"
289,"Lauderdale-by-the-Sea, Florida, United States"
290,"Yonkers, New York, United States"
291,"Bennington, Vermont, United States"
292,"Dover Heights, New South Wales, Australia"
293,"Germantown, Tennessee, United States"
294,SE
295,GB
296,"Sao Paulo, São Paulo, Brazil"
297,"Wayne, New Jersey, United States"
298,"Brest, Brittany, France"
299,"Bellingham, Washington, United States"
300,"Barsac, Nouvelle-Aquitaine, France"
301,"Vélizy-Villacoublay, Île-de-France, France"
302,"Malverne, New York, United States"
303,"Stuttgart, Baden-Württemberg, Germany"
304,"Billerica, Massachusetts, United States"
305,"Jericho, Vermont, United States"
306,"New Bedford, Massachusetts, United States"
307,"Rio de Janeiro, State of Rio de Janeiro, Brazil"
308,"Orlando, Florida, United States"
309,"Madison, Wisconsin, United States"
310,"Charlottesville, Virginia, United States"
311,Ukraine
312,"Mexico City, Federal District, Mexico"
313,"Englishtown, New Jersey, United States"
314,"Monroe, New York, United States"
315,"Soldotna, Alaska, United States"
316,"Princeton, New Jersey, United States"
317,"Bondi Beach, New South Wales, Australia"
318,"Coral Springs, Florida, United States"
319,"Lausanne, Vaud, Switzerland"
320,"Deerfield, Illinois, United States"
321,"Vienna, Virginia, United States"
322,IT
323,JP
324,"Pittsburgh, Pennsylvania, United States"
325,"South Orange, New Jersey, United States"
326,"Santa Barbara, California, United States"
327,"Richmond, Virginia, United States"
328,India
329,"Glen Ridge, New Jersey, United States"
330,"Abu Dhabi, Abu Dhabi, United Arab Emirates"
331,"Hawaii, United States"
332,"Newcastle, New South Wales, Australia"
333,"Saint Louis, Missouri, United States"
334,"Taipei, Taiwan"
335,"Hamburg, Germany (Originally from Brooklyn,NY)"
336,"Phoenix, Arizona, United States"
337,"Jerusalem, Jerusalem District, Israel"
338,"Norfolk, Massachusetts, United States"
339,"Fairfield, Connecticut, United States"
340,"Golden, Colorado, United States"
341,Australia
342,"Marina del Rey, California, United States"
343,"Rye, New York, United States"
344,"Lindenhurst, New York, United States"
345,"Dongcheng, Beijing, China"
346,"Florida, United States"
347,"Victoria, Australia"
348,"Bronx, NY"
349,"Forestville, California, United States"
350,"Sterling Heights, Michigan, United States"
351,"Hamden, Connecticut, United States"
352,"Paris, New York, United States"
353,"Dublin, Dublin, Ireland"
354,"La Celle-Saint-Cloud, Île-de-France, France"
355,"Osseo, Minnesota, United States"
356,"Croton-on-Hudson, New York, United States"
357,"Dubai, Dubai, United Arab Emirates"
358,"Stormville, New York, United States"
359,"Hyde Park, New York, United States"
360,Tel aviv
361,"São Paulo, State of São Paulo, Brazil"
362,"Southampton, New York, United States"
363,"Salt Lake City, Utah, United States"
364,"Brazil, California, Tokyo, Germany"
365,"Urnäsch, Appenzell Outer Rhodes, Switzerland"
366,"Manteno, Illinois, United States"
367,"Venado Tuerto, Santa Fe Province, Argentina"
368,"Claremont, California, United States"
369,"Orange, Connecticut, United States"
370,"Manhattan Beach, California, United States"
371,"Stockholm, Sweden"
372,"Palo Alto, California, United States"
373,"Katonah, New York, United States"
374,New Jersey
375,"Mercer Island, Washington, United States"
376,"Styria, Austria"
377,"Montreal, Quebec, Canada"
378,"London, UK"
379,"Newport Beach, California, United States"
380,"Elkins Park, Pennsylvania, United States"
381,DK
382,"Melbourne, Florida, United States"
383,"West Long Branch, New Jersey, United States"
384,"Heroica Veracruz, Veracruz, Mexico"
385,"Long Island, New York"
386,"Quetzaltenango, Quetzaltenango Department, Guatema"
387,KR
388,"Ciudad Juarez, Chihuahua, Mexico"
389,Switzerland
390,"Asbury Park, New Jersey, United States"
391,"Dobbs Ferry, New York, United States"
392,"Columbus, Ohio, United States"
393,"Hanover, New Hampshire, United States"
394,"Ada, Michigan, United States"
395,"Hawthorne, New Jersey, United States"
396,"Charlotte, North Carolina, United States"
397,"New Cumberland, Pennsylvania, United States"
398,"Ankara, Ankara, Turkey"
399,"Santa Clara, California, United States"
400,"Bangkok, Thailand"
401,"Albany, New York, United States"
402,"Millstone, New Jersey, United States"
403,"La Tebaida, Quindio, Colombia"
404,"Toulouse, Midi-Pyrénées, France"
405,"Soria, Castile and León, Spain"
406,Ramat HaSharon
407,"Elmira, New York, United States"
408,NY/NE
409,"Berlin, New York, United States"
410,"Belo Horizonte, Minas Gerais, Brazil"
411,"Indianapolis, Indiana, United States"
412,"Burbank, California, United States"
413,"The Bronx, New York, United States"
414,"Haifa, Haifa District, Israel"
415,"St. Louis, Missouri, United States"
416,"Floral Park, New York, United States"
417,"Bethlehem, Pennsylvania, United States"
418,"Cincinnati, Ohio, United States"
419,"Berlin, Massachusetts, United States"
420,"Hidden Hills, California, United States"
421,"Madison, New Jersey, United States"
422,"Virginia Beach, Virginia, United States"
423,"Breckenridge, Colorado, United States"
424,"Istanbul, Turkey"
425,"Scarsdale, New York, United States"
426,"Alameda, California, United States"
427,"New Delhi, Delhi, India"
428,"Cork, Cork, Ireland"
429,"Los Gatos, California, United States"
430,"Pasadena, California, United States"
431,"Alpine, New Jersey, United States"
432,"Manville, New Jersey, United States"
433,"Cranbury Township, New Jersey, United States"
434,"Sunnyvale, California, United States"
435,"Rapid City, South Dakota, United States"
436,"Tampa, Florida, United States"
437,"Havelock North, Hawke's Bay, New Zealand"
438,"İstanbul, İstanbul, Turkey"
439,"Ocean Beach, New York, United States"
440,"Orpington, England, United Kingdom"
441,"Stantonsburg, North Carolina, United States"
442,"Waterloo, Ontario, Canada"
443,"Lyon, Auvergne-Rhône-Alpes, France"
444,"Maplewood, New Jersey, United States"
445,"Asuncion, Paraguay"
446,"Bronx, NY "
447,"Redondo Beach, California, United States"
448,"Hong Kong, Hong Kong"
449,"Milwaukee, Wisconsin, United States"
450,"Ramat Gan, Israel"
451,"Stonington, Connecticut, United States"
452,"Port of Spain, Port of Spain, Trinidad and Tobago"
453,"Lyndon, Vermont, United States"
454,"Arezzo, Tuscany, Italy"
455,"Stafford, Virginia, United States"
456,"Hazleton, Pennsylvania, United States"
457,"England, United Kingdom"
458,"Tamarac, Florida, United States"
459,"Detroit, Michigan, United States"
460,"Rockland County, New York, United States"
461,Resplendent Residence in heart of Harlem revival
462,"Closter, New Jersey, United States"
463,"Boca Raton, Florida, United States"
464,"Kelowna, British Columbia, Canada"
465,"Scottsdale, Arizona, United States"
466,"Mumbai, Maharashtra, India"
467,"Wolcott, Connecticut, United States"
468,"Caguas, Caguas, Puerto Rico"
469,"Riga, Latvia"
470,"Toulouse, Occitanie, France"
471,"Montreal, Québec, Canada"
472,"Ithaca, New York, United States"
473,"Fayetteville, West Virginia, United States"
474,"Antwerp, Flanders, Belgium"
475,"Beijing, Beijing, China"
476,"Karlsruhe, Baden-Württemberg, Germany"
477,"Salina, Kansas, United States"
478,"Meadowbrook, Pennsylvania, United States"
479,"Costa Mesa, California, United States"
480,"Issy-les-Moulineaux, Île-de-France, France"
481,"Kirk Yetholm, Scotland, United Kingdom"
482,"Kowloon, Hong Kong"
483,"Dusseldorf, North Rhine-Westphalia, Germany"
484,"Pembroke Pines, Florida, United States"
485,"Shenzhen, Guangdong Province, China"
486,"Istanbul, İstanbul, Turkey"
487,"Lenox, Massachusetts, United States"
488,"Knoxville, Tennessee, United States"
489,"Rodez, Midi-Pyrénées, France"
490,"Chandler, Arizona, United States"
491,"Minneapolis, Minnesota, United States"
492,"Christchurch, Canterbury, New Zealand"
493,"Kokubunji, Tokyo, Japan"
494,"Montclair, New Jersey, United States"
495,"Daphne, Alabama, United States"
496,"Munich, Bavaria, Germany"
497,"Augsburg, Bavaria, Germany"
498,"Ann Arbor, Michigan, United States"
499,"Solvang, California, United States"
500,"Asbury, New Jersey, United States"
501,"Thousand Oaks, California, United States"
502,"Brainard, Nebraska, United States"
503,"Porto, Porto District, Portugal"
504,"Bloomington, Indiana, United States"
505,"West Vancouver, British Columbia, Canada"
506,"Putnam Valley, New York, United States"
507,"Louisville, Kentucky, United States"
508,China
509,"East Melbourne, Victoria, Australia"
510,BE
511,"Warsaw, Masovian Voivodeship, Poland"
512,"Lille, Hauts-de-France, France"
513,"Buford, Georgia, United States"
514,"Gaithersburg, Maryland, United States"
515,"Kailua, Hawaii, United States"
516,"Edison, New Jersey, United States"
517,"Jupiter, Florida, United States"
518,"Atlantic Beach, Florida, United States"
519,"Murfreesboro, Tennessee, United States"
520,"Edgewater, New Jersey, United States"
521,"Duluth, Georgia, United States"
522,"Campbell, Ohio, United States"
523,"Grenoble, Auvergne-Rhône-Alpes, France"
524,"Glasgow, Scotland, United Kingdom"
525,"Port St. Lucie, Florida, United States"
526,"Setauket- East Setauket, New York, United States"
527,"Clarkston, Michigan, United States"
528,"Santa Fe, Santa Fe Province, Argentina"
529,"Hartford, Connecticut, United States"
530,"Renton, Washington, United States"
531,"San Antonio, Valparaíso, Chile"
532,CH
533,AU
534,"Quimper, Bretagne, France"
535,"Louveciennes, Île-de-France, France"
536,"Hallandale Beach, Florida, United States"
537,"San Jose, California, United States"
538,GR
539,"Bagnolet, Île-de-France, France"
540,"Tuscaloosa, Alabama, United States"
541,"Lafayette, Louisiana, United States"
542,"Sherman, Connecticut, United States"
543,"Falmouth, England, United Kingdom"
544,"West Orange, New Jersey, United States"
545,South Africa and New York
546,"Marseille, Provence-Alpes-Côte d'Azur, France"
547,"Tallahassee, Florida, United States"
548,"Providence, Rhode Island, United States"
549,"Hamburg, Hamburg, Germany"
550,"Bridgewater, New Jersey, United States"
551,"Greenwich, Connecticut, United States"
552,"Springfield, Missouri, United States"
553,"São Paulo, São Paulo, Brazil"
554,"Baltimore, Maryland, United States"
555,"Milford, Connecticut, United States"
556,"Singapore, Singapore"
557,"Les Lilas, Île-de-France, France"
558,"Davis, California, United States"
559,"Trenton, New Jersey, United States"
560,"Tirana, Tirana, Albania"
561,Jamaica
562,"Massapequa, New York, United States"
563,"South Hadley, Massachusetts, United States"
564,"Panama City, Panama, Panama"
565,"Saint Pete Beach, Florida, United States"
566,"Spartanburg, South Carolina, United States"
567,"Limeil-Brévannes, Île-de-France, France"
568,"Plainview, New York, United States"
569,"Pattersonville, New York, United States"
570,"Villerupt, Lorraine, France"
571,"Waterbury, Connecticut, United States"
572,"Newark, New Jersey, United States"
573,"Saratoga Springs, New York, United States"
574,"Serris, Île-de-France, France"
575,"Lancaster, Pennsylvania, United States"
576,"Viarmes, Île-de-France, France"
577,"Stamford, Connecticut, United States"
578,"Poughkeepsie, New York, United States"
579,"Atlantic Beach, New York, United States"
580,"Hudson, New York, United States"
581,"South Yarra, Victoria, Australia"
582,"Ronkonkoma, New York, United States"
583,"Vermont, United States"
584,"Crozet, Virginia, United States"
585,"Little Silver, New Jersey, United States"
586,"Podgorica, Podgorica, Montenegro"
587,"North Bend, Ohio, United States"
588,"Florence, Tuscany, Italy"
589,"Valencia, Valencian Community, Spain"
590,"Heritage Hills, New York, United States"
591,"Le Maisnil, Nord-Pas-de-Calais, France"
592,"Powder Springs, Georgia, United States"
593,"West Palm Beach, Florida, United States"
594,"Menlo Park, California, United States"
595,"Kerhonkson, New York, United States"
596,"Hamden, New York, United States"
597,"Katy, Texas, United States"
598,"Terre Haute, Indiana, United States"
599,"State College, Pennsylvania, United States"
600,"Killingworth, Connecticut, United States"
601,"Jacksonville, Florida, United States"
602,"Henderson, Nevada, United States"
603,"Binghamton, New York, United States"
604,"North Brunswick Township, New Jersey, United State"
605,"Melville, New York, United States"
606,"Cusco, Cusco, Peru"
607,"Geneva, Geneva, Switzerland"
608,"Agawam, Massachusetts, United States"
609,"Nantes, Pays de la Loire, France"
610,"Wilton, Connecticut, United States"
611,"Fort Collins, Colorado, United States"
612,"Lake Grove, New York, United States"
613,"Bayreuth, Bavaria, Germany"
614,"Mound House, Nevada, United States"
615,"Hunt, Texas, United States"
616,"Daly City, California, United States"
617,"Reston, Virginia, United States"
618,"Rahway, New Jersey, United States"
619,"Frankfurt, Hesse, Germany"
620,"Carlsbad, California, United States"
621,"Tours, Centre-Val de Loire, France"
622,"West Babylon, New York, United States"
623,"Tulsa, Oklahoma, United States"
624,"Mission Hills, Kansas, United States"
625,"Omaha, Nebraska, United States"
626,"Hamilton, Massachusetts, United States"
627,"Lancaster, Texas, United States"
628,"Secaucus, New Jersey, United States"
629,"Tenafly, New Jersey, United States"
630,"Otago, New Zealand"
631,PR
632,"London, Ontario, Canada"
633,"Milan, Italy"
634,rockland county NY
635,"Ballymore Eustace, Kildare, Ireland"
636,"Eagle Lake, Maine, United States"
637,"Fort Lee, New Jersey, United States"
638,"Naperville, Illinois, United States"
639,"Elmwood Park, New Jersey, United States"
640,"Valley Stream, New York, United States"
641,"Washington Township, New Jersey, United States"
642,"New South Wales, Australia"
643,"Granville, Ohio, United States"
644,"Bellmore, New York, United States"
645,"Evanston, Illinois, United States"
646,"Aquebogue, New York, United States"
647,"Syracuse, New York, United States"
648,UA
649,"Vaujours, Île-de-France, France"
650,"Spokane, Washington, United States"
651,"Middlebury, Indiana, United States"
652,"Belgrade, Serbia"
653,"Berket an Nasr, Cairo Governorate, Egypt"
654,"Eugene, Oregon, United States"
655,"Worcester, Massachusetts, United States"
656,"Ridgefield Park, New Jersey, United States"
657,"Corona, California, United States"
658,"Towson, Maryland, United States"
659,"Salida, Colorado, United States"
660,"Central Islip, New York, United States"
661,"Clarksville, Maryland, United States"
662,"Freiburg, Baden-Württemberg, Germany"
663,north london
664,"Parma, Emilia-Romagna, Italy"
665,"Anchorage, Alaska, United States"
666,"Gainesville, Florida, United States"
667,"Swarthmore, Pennsylvania, United States"
668,"Port Jefferson, New York, United States"
669,"West Hartford, Connecticut, United States"
670,"Pietrosella, Corsica, France"
671,"Caledon, Ontario, Canada"
672,"Ridgefield, Connecticut, United States"
673,"Ahmedabad, Gujarat, India"
674,"Bursa, Bursa Province, Turkey"
675,"Howell, New Jersey, United States"
676,"Mamaroneck, New York, United States"
677,"Belmont, Massachusetts, United States"
678,"California, US"
679,"Bloomington, Illinois, United States"
680,"O'Fallon, Missouri, United States"
681,"Plainfield, Massachusetts, United States"
682,"Richmond, Vermont, United States"
683,"Mahwah, New Jersey, United States"
684,"Foster City, California, United States"
685,"Irvine, California, United States"
686,"Grenoble, Rhone-Alpes, France"
687,"Utah, United States"
688,"East Brunswick, New Jersey, United States"
689,Netherlands
690,"Norristown, Pennsylvania, United States"
691,"Durango, Durango, Mexico"
692,"Los Ángeles, Bio-Bio, Chile"
693,United States 
694,"Culver City, California, United States"
695,"Bilbao, Basque Country, Spain"
696,"Auckland, Auckland, New Zealand"
697,"Fayetteville, North Carolina, United States"
698,"Montpellier, Occitanie, France"
699,"Baton Rouge, Louisiana, United States"
700,"Little Rock, Arkansas, United States"
701,"East Hampton, New York, United States"
702,"El Paso, Texas, United States"
703,"Kampala, Central Region, Uganda"
704,"Ra'anana, Center District, Israel"
705,"Turin, Piedmont, Italy"
706,"Bologna, Emilia-Romagna, Italy"
707,"Williamsburg, Virginia, United States"
708,"Baldwin Park, California, United States"
709,"Huntington, New York, United States"
710,"Taylorsville, Kentucky, United States"
711,"Manila, Metro Manila, Philippines"
712,"Loury, Centre-Val de Loire, France"
713,"Accord, New York, United States"
714,"Limassol, Limassol, Cyprus"
715,"Santiago, Santiago Metropolitan Region, Chile"
716,"Nairobi, Nairobi County, Kenya"
717,法拉盛图书馆附近
718,"Rockville, Maryland, United States"
719,"Vienna, Vienna, Austria"
720,"Lanzhou, Gansu, China"
721,"Saint Petersburg, Florida, United States"
722,"Kuala Lumpur, Federal Territory of Kuala Lumpur, M"
723,"Franklin Lakes, New Jersey, United States"
724,"Lexington, Massachusetts, United States"
725,"Ferrol, Galicia, Spain"
726,"Durham, North Carolina, United States"
727,"Reykjavík, Iceland"
728,EG
729,"Cairo, New York, United States"
730,"Montauk, New York, United States"
731,"Saint-Ouen, Île-de-France, France"
732,"La Mesa, California, United States"
733,"Carolina, Carolina, Puerto Rico"
734,"Rostov-on-Don, Rostov Oblast, Russia"
735,"Leiden, Zuid-Holland, Netherlands"
736,"Corte Madera, California, United States"
737,ID
738,https://www.google.com/amp/s/www.thrillist.com/amp
739,"Darien, Connecticut, United States"
740,"Aarhus, Central Denmark Region, Denmark"
741,"Saint Georges, Saint George, Grenada"
742,"Rio de Janeiro, Rio de Janeiro, Brazil"
743,"Tucson, Arizona, United States"
744,"Glen Allen, Virginia, United States"
745,"Santo Domingo, National District, Dominican Republ"
746,"Strasbourg, Alsace, France"
747,"Barranquilla, Atlantico, Colombia"
748,"Kochi, Kerala, India"
749,"Warwick, Rhode Island, United States"
750,"Naples, Campania, Italy"
751,"Findlay, Ohio, United States"
752,Taiwan
753,"Santa Rosa, California, United States"
754,"East Northport, New York, United States"
755,"Clearwater, Florida, United States"
756,"Beverly Hills, California, United States"
757,"Woolloomooloo, New South Wales, Australia"
758,"Sealy, Texas, United States"
759,"Bloomfield, New Jersey, United States"
760,"Depew, New York, United States"
761,"Maywood, New Jersey, United States"
762,South Korea
763,"Homestead, Florida, United States"
764,Prizren
765,"Elmont, New York, United States"
766,"South Pasadena, California, United States"
767,"Mission Viejo, California, United States"
768,"Madison, Mississippi, United States"
769,"Rennes, Brittany, France"
770,"Carrollton, Texas, United States"
771,"Viterbo, Lazio, Italy"
772,"Bengaluru, Karnataka, India"
773,"Budapest, Budapest, Hungary"
774,"Kentucky, United States"
775,"Guadalajara, Jalisco, Mexico"
776,"Rochester, Michigan, United States"
777,"Brooklyn,NY"
778,"New Milford, New Jersey, United States"
779,"Lisle, Illinois, United States"
780,"Edmonton, Alberta, Canada"
781,"Malmö, Skåne County, Sweden"
782,"Simsboro, Louisiana, United States"
783,Europe
784,"Naucalpan, State of Mexico, Mexico"
785,"Prague, Hlavní město Praha, Czechia"
786,"Bucharest, Romania"
787,"Guayaquil, Guayas, Ecuador"
788,"Boynton Beach, Florida, United States"
789,"Spring Valley, New York, United States"
790,"Pittsford, New York, United States"
791,"Florence Township, New Jersey, United States"
792,London 
793,"Schenectady, New York, United States"
794, United States
795,"Lincoln, Nebraska, United States"
796,"Hauula, Hawaii, United States"
797,"Provincetown, Massachusetts, United States"
798,"Reno, Nevada, United States"
799,"Yucca Valley, California, United States"
800,"Évreux, Upper Normandy, France"
801,"Mountainside, New Jersey, United States"
802,"Saint Ann Parish, Jamaica"
803,"Champrond-en-Gâtine, Centre, France"
804,"Lahore, Punjab, Pakistan"
805,"Saint-Maur-des-Fossés, Île-de-France, France"
806,"Orange, California, United States"
807,Uruguay
808,"Fullerton, California, United States"
809,"Elon, North Carolina, United States"
810,"Port Washington, New York, United States"
811,"Wyandanch, New York, United States"
812,"Syosset, New York, United States"
813,"Richmond, British Columbia, Canada"
814,"Bogotá, Bogota, Colombia"
815,"Barcelona, Cataluña, Spain"
816,"New Brunswick, New Jersey, United States"
817,"Roslyn Heights, New York, United States"
818,"East Lansing, Michigan, United States"
819,"New Canaan, Connecticut, United States"
820,"Natick, Massachusetts, United States"
821,"Northfork, West Virginia, United States"
822,"Hialeah, Florida, United States"
823,"Le Gosier, Grande-Terre, Guadeloupe"
824,"Franklin Square, New York, United States"
825,"South Salem, New York, United States"
826,"Asheville, North Carolina, United States"
827,"Zhengzhou, Henan, China"
828,"Petropavlovsk-Kamchatskiy, Kamchatka Krai, Russia"
829,"Sacramento, California, United States"
830,Travel for work
831,"West Friendship, Maryland, United States"
832,"Norwalk, Connecticut, United States"
833,"Las Animas, Colorado, United States"
834,"Amherst, Massachusetts, United States"
835,"Farmingdale, New York, United States"
836,"Suwon-si, Gyeonggi-do, South Korea"
837,JE
838,"Neuilly-sur-Seine, Île-de-France, France"
839,"Monroe, New Hampshire, United States"
840,"Jackson, Mississippi, United States"
841,"Pennsylvania, United States"
842,"Mill Valley, California, United States"
843,"Weston, Florida, United States"
844,"Elk Grove, California, United States"
845,"Danvers, Massachusetts, United States"
846,Honduras
847,"East Orange, New Jersey, United States"
848,NO
849,"Ghent, Flanders, Belgium"
850,"Saint Augustine Beach, Florida, United States"
851,"Cazenovia, New York, United States"
852,"Santa Clarita, California, United States"
853,"Livo, Trentino-Alto Adige/Südtirol, Italy"
854,"Port Jefferson Station, New York, United States"
855,"Kings Point, New York, United States"
856,"Limerick, Limerick, Ireland"
857,"Tacoma, Washington, United States"
858,New York / Tel Aviv
859,"Ozark, Missouri, United States"
860,"Freeport, New York, United States"
861,"Murrells Inlet, South Carolina, United States"
862,"Clarence Center, New York, United States"
863,"Congers, New York, United States"
864,"Los Altos, California, United States"
865,"St. Augustine, Florida, United States"
866,"Kingston, New York, United States"
867,"Long Island, NY"
868,"Chevy Chase, Maryland, United States"
869,"Dearborn, Michigan, United States"
870,"Agropoli, Campania, Italy"
871,"Highland Park, New Jersey, United States"
872,"Jericho, New York, United States"
873,"Glencoe, Illinois, United States"
874,"Grand Island, New York, United States"
875,"East Marion, New York, United States"
876,"Concord, California, United States"
877,"Ladera Ranch, California, United States"
878,"Durham, New York, United States"
879,"Cancún, Quintana Roo, Mexico"
880,"Greenfield, Massachusetts, United States"
881,"Modesto, California, United States"
882,"Shrewsbury, New Jersey, United States"
883,"Aurora, Indiana, United States"
884,"Lille, Nord-Pas-de-Calais, France"
885,"Norman, Indiana, United States"
886,"Leesburg, Virginia, United States"
887,"Pembroke, Massachusetts, United States"
888,"Amityville, New York, United States"
889,"Scranton, Pennsylvania, United States"
890,"Gradignan, Aquitaine-Limousin-Poitou-Charentes, Fr"
891,"Elwood, Illinois, United States"
892,brooklyn
893,"Maryland, United States"
894,"Clark, New Jersey, United States"
895,"Castel Goffredo, Lombardy, Italy"
896,"Linwood, New Jersey, United States"
897,Spain
898,"Ciudad de México, Ciudad de México, Mexico"
899,"Hollywood, Florida, United States"
900,"Akron, Ohio, United States"
901,"NY, NY & anywhere the world takes me!!!"
902,"Oxford, England, United Kingdom"
903,"Orangeburg, South Carolina, United States"
904,"Birmingham, Alabama, United States"
905,"Belo Horizonte, State of Minas Gerais, Brazil"
906,"Lincoln Park, New Jersey, United States"
907,"San Juan, San Juan, Puerto Rico"
908,"Coral Gables, Florida, United States"
909,"Gatlinburg, Tennessee, United States"
910,"Arlington, Virginia, United States"
911,"Hastings-on-Hudson, New York, United States"
912,"Clontarf, Dublin, Ireland"
913,BR
914,MX
915,"Cupertino, California, United States"
916,"Roanoke, Virginia, United States"
917,"Mineola, New York, United States"
918,"Cleveland, Ohio, United States"
919,"Boulogne-Billancourt, Île-de-France, France"
920,"Courbevoie, Île-de-France, France"
921,"Garden City South, New York, United States"
922,"Geseke, North Rhine-Westphalia, Germany"
923,"Lawrence, New York, United States"
924,"Heathrow, Florida, United States"
925,"Evansville, Indiana, United States"
926,"Lima, Lima, Peru"
927,"Hackensack, New Jersey, United States"
928,"York, Maine, United States"
929,"Varese, Lombardy, Italy"
930,"Hoboken, New Jersey, United States"
931,"Bellerose, New York, United States"
932,"Fenton, Michigan, United States"
933,"Milvignes, Canton of Neuchâtel, Switzerland"
934,"Seaford, New York, United States"
935,"Arroyo Grande, California, United States"
936,"Excelsior, Minnesota, United States"
937,"Oxford, Ohio, United States"
938,"Seoul, Korea"
939,"Bethesda, Maryland, United States"
940,"Bogota, Bogota, Colombia"
941,"Athens, Ohio, United States"
942,"Medford, New Jersey, United States"
943,"Bedminster Township, New Jersey, United States"
944,"Chesterfield, Missouri, United States"
945,"Glendale, Arizona, United States"
946,"Portland, Maine, United States"
947,"Helsinki, Uusimaa, Finland"
948,"Paramus, New Jersey, United States"
949,"Tallinn, Harju County, Estonia"
950,"Wilmington, North Carolina, United States"
951,"Clinton Corners, New York, United States"
952,"Franklin, North Carolina, United States"
953,"Cali, Valle del Cauca, Colombia"
954,"Columbia, South Carolina, United States"
955,"León, Castile and León, Spain"
956,"Irving, Texas, United States"
957,"Seoul, Seoul, South Korea"
958,"Redfern, New South Wales, Australia"
959,"Timbuktu, Tombouctou, Mali"
960,"City of Brussels, Brussels, Belgium"
961,"Manchester, New Hampshire, United States"
962,"Plymouth, Massachusetts, United States"
963,"Clermont-Ferrand, Auvergne, France"
964,"Norwich, Connecticut, United States"
965,"Las Condes, Santiago Metropolitan Region, Chile"
966,"Bergen, New York, United States"
967,"Tokyo, Tokyo, Japan"
968,"Livermore, California, United States"
969,"Trabzon, Trabzon, Turkey"
970,"Murcia, Region of Murcia, Spain"
971,"Bedford, New York, United States"
972,"Mableton, Georgia, United States"
973,"Haverford, Pennsylvania, United States"
974,"Charlottenlund, Capital Region of Denmark, Denmark"
975,"Woodbridge Township, New Jersey, United States"
976,"Lynn, Massachusetts, United States"
977,"Gilbert, Arizona, United States"
978,"Havertown, Pennsylvania, United States"
979,"Lithonia, Georgia, United States"
980,"Tel Aviv-Yafo, Israel"
981,"Lisbon, Lisbon, Portugal"
982,Manhattan
983,"Palma, Balearic Islands, Spain"
984,"East Haven, Connecticut, United States"
985,"Essex, Vermont, United States"
986,"Duxbury, Massachusetts, United States"
987,"Plainville, Massachusetts, United States"
988,"Playa del Carmen, Quintana Roo, Mexico"
989,"Burlington, Connecticut, United States"
990,"Galesburg, Illinois, United States"
991,"Walnut, California, United States"
992,"Balearic Islands, Spain"
993,"Salisbury, England, United Kingdom"
994,"La Crescenta-Montrose, California, United States"
995,"Fengtai, Beijing, China"
996,"East Stroudsburg, Pennsylvania, United States"
997,"Richmond, Missouri, United States"
998,"Osaka, Osaka Prefecture, Japan"
999,"Cumming, Georgia, United States"
1000,"Old Bethpage, New York, United States"
1001,"Aubervilliers, Île-de-France, France"
1002,Italia
1003,"Getzville, New York, United States"
1004,"Jinzhong, Shanxi, China"
1005,"Roxbury, Connecticut, United States"
1006,"Kraków, Lesser Poland Voivodeship, Poland"
1007,"McLean, Virginia, United States"
1008,"Hangzhou, Zhejiang, China"
1009,"住过英国伦敦，法国巴黎，美国芝加哥，墨西哥cancun, Cambodia Phenn Pom, 韩"
1010,"Burlington, Ontario, Canada"
1011,"Birmingham, England, United Kingdom"
1012,"Chisinau, Chisinau, Moldova"
1013,"Copenhagen, Capital Region of Denmark, Denmark"
1014,"Kent, Ohio, United States"
1015,IE
1016,"Ipswich, Massachusetts, United States"
1017,"Ocala, Florida, United States"
1018,"Roslyn, New York, United States"
1019,"Seoul, South Korea"
1020,"Bondues, Nord-Pas-de-Calais, France"
1021,"Santa Cruz de Tenerife, Canary Islands, Spain"
1022,"Baldwin, New York, United States"
1023,"Amsterdam, Noord-Holland, The Netherlands"
1024,"Herndon, Virginia, United States"
1025,"Sierra Vista, Arizona, United States"
1026,México
1027,"Yukon, Oklahoma, United States"
1028,"Takoma Park, Maryland, United States"
1029,"Clifton Park, New York, United States"
1030,"Greensboro, North Carolina, United States"
1031,"Colegiales, Buenos Aires, Argentina"
1032,"Alto de Pinheiros, State of São Paulo, Brazil"
1033,"Linden, New Jersey, United States"
1034,"Hemet, California, United States"
1035,"Deer Park, New York, United States"
1036,"Merrick, New York, United States"
1037,"Moscow, Moscow, Russia"
1038,"Passau, Bavaria, Germany"
1039,"Rio, Rio de Janeiro, Brazil"
1040,"Giessen, Hesse, Germany"
1041,"Tarpon Springs, Florida, United States"
1042,"Oaxaca, Oaxaca, Mexico"
1043,"Pinerolo, Piedmont, Italy"
1044,"Pigeon Forge, Tennessee, United States"
1045,"North Tustin, California, United States"
1046,"Île-de-France, France"
1047,"Napanoch, New York, United States"
1048,"Saint Paul, Minnesota, United States"
1049,"Darlinghurst, New South Wales, Australia"
1050,"Danbury, Connecticut, United States"
1051,"North Brookfield, Massachusetts, United States"
1052,"Vashon, Washington, United States"
1053,"Santiago De Los Caballeros, Santiago Province, Dom"
1054,"Island Park, New York, United States"
1055,"Cartagena, Bolívar, Colombia"
1056,"Karachi, Sindh, Pakistan"
1057,"Huntington Station, New York, United States"
1058,"Mysen, Ostfold, Norway"
1059,"Cape Coral, Florida, United States"
1060,KY
1061,"Narberth, Pennsylvania, United States"
1062,"Lebanon, Pennsylvania, United States"
1063,"Capitol Heights, Maryland, United States"
1064,Singapore/ New York City
1065,"Pawlet, Vermont, United States"
1066,Vietnam
1067,"Salamanca, Castilla y León, Spain"
1068,"Puerto Escondido, Oaxaca, Mexico"
1069,"Hod Hasharon, Center District, Israel"
1070,"Halton Hills, Ontario, Canada"
1071,"Alexandria, Virginia, United States"
1072,"LaPlace, Louisiana, United States"
1073,"Royal Tunbridge Wells, England, United Kingdom"
1074,"Newton, Wisconsin, United States"
1075,"Round Rock, Texas, United States"
1076,"Amsterdam, North Holland, The Netherlands"
1077,"St Albert, Alberta, Canada"
1078,"Agua Dulce, California, United States"
1079,"Vancouver, Washington, United States"
1080,"Brooklyn, USA"
1081,"Des Moines, Iowa, United States"
1082,"Nancy, Lorraine, France"
1083,"Watchung, New Jersey, United States"
1084,"Worthington, Ohio, United States"
1085,HK
1086,JM
1087,"Lafayette, California, United States"
1088,virginia
1089,"Kihei, Hawaii, United States"
1090,"Wallingford, Connecticut, United States"
1091,"Atlantic City, New Jersey, United States"
1092,"Bedford, Texas, United States"
1093,"Mississauga, Ontario, Canada"
1094,MA
1095,"West Milford, New Jersey, United States"
1096,"Herrenberg, Baden-Wurttemberg, Germany"
1097,"Bouguenais, Pays de la Loire, France"
1098,"Egg Harbor City, New Jersey, United States"
1099,"Bowling Green, Ohio, United States"
1100,"Port-Saint-Père, Pays de la Loire, France"
1101,"Morgantown, West Virginia, United States"
1102,Portugal
1103,"Pullman, Washington, United States"
1104,"Fulshear, Texas, United States"
1105,"Barrington, Illinois, United States"
1106,"Larchmont, New York, United States"
1107,"Manhasset, New York, United States"
1108,"Mount Holly, North Carolina, United States"
1109,"Siena, Tuscany, Italy"
1110,"Manasquan, New Jersey, United States"
1111,"Belleair, Florida, United States"
1112,"Kiryas Joel, New York, United States"
1113,"Rueil-Malmaison, Île-de-France, France"
1114,"Rock Springs, Wyoming, United States"
1115,IN
1116,"Castleknock, County Dublin, Ireland"
1117,"Jerusalem, Israel"
1118,"Uniondale, New York, United States"
1119,"North Olmsted, Ohio, United States"
1120,"Longmont, Colorado, United States"
1121,"Aalborg, Denmark"
1122,A 30 Mom de todo en tren
1123,"Montreuil, Île-de-France, France"
1124,"Ho Chi Minh City, Ho Chi Minh City, Vietnam"
1125,"Ostend, Flanders, Belgium"
1126,"Xenia, Ohio, United States"
1127,"Montreux, Vaud, Switzerland"
1128,"Tuxedo Park, New York, United States"
1129,"Westport, Connecticut, United States"
1130,"Delray Beach, Florida, United States"
1131,"Franconville, Île-de-France, France"
1132,"Quimper, Brittany, France"
1133,"Warren Air Force Base, Wyoming, United States"
1134,"Zedelgem, Flanders, Belgium"
1135,"Maracaibo, Zulia, Venezuela"
1136,"Fayette, Maine, United States"
1137,"Shelton, Connecticut, United States"
1138,"Kansas City, Missouri, United States"
1139,Москва
1140,"Largo, Florida, United States"
1141,"Ridgeland, Mississippi, United States"
1142,"Bordeaux, Aquitaine, France"
1143,"Gloversville, New York, United States"
1144,"Yorba Linda, California, United States"
1145,"Micanopy, Florida, United States"
1146,"Hampton, Illinois, United States"
1147,"Ashburn, Virginia, United States"
1148,"San Gabriel, California, United States"
1149,"North Port, Florida, United States"
1150,"Saddle River, New Jersey, United States"
1151,PT
1152,"Mastic Beach, New York, United States"
1153,"Fort Myers, Florida, United States"
1154,Serbia
1155,"Flemington, New Jersey, United States"
1156,"Versailles, Kentucky, United States"
1157,"Millburn, New Jersey, United States"
1158,"Pinehurst, North Carolina, United States"
1159,"Newport News, Virginia, United States"
1160,"Vicenza, Veneto, Italy"
1161,"Vitacura, Santiago Metropolitan Region, Chile"
1162,"Summerville, South Carolina, United States"
1163,"West Chester, Pennsylvania, United States"
1164,"West Islip, New York, United States"
1165,"Carbondale, Illinois, United States"
1166,"Harrison, New York, United States"
1167,"Hewlett, New York, United States"
1168,St thomas Virgin Islands
1169,"Konárovice, Central Bohemian Region, Czech Republi"
1170,"Canton, Michigan, United States"
1171,"Waxhaw, North Carolina, United States"
1172,ZA
1173,"Parkland, Florida, United States"
1174,"Garden City, New York, United States"
1175,"Fairfield, New Jersey, United States"
1176,"Pico Rivera, California, United States"
1177,"Wexford, Wexford, Ireland"
1178,"Franklin Township, New Jersey, United States"
1179,"Tianjin, Tianjin, China"
1180,"Wardsboro, Vermont, United States"
1181,"Thessaloniki, Makedonia Thraki, Greece"
1182,"Raymond, Maine, United States"
1183,"Ohrid, Ohrid, Macedonia (FYROM)"
1184,"Gotland, Gotland, Sweden"
1185,"Weston, Massachusetts, United States"
1186,"Liverpool, England, United Kingdom"
1187,"North Brunswick, New Jersey, United States"
1188,"Chengdu, Sichuan, China"
1189,"Allentown, Pennsylvania, United States"
1190,"Briarcliff Manor, New York, United States"
1191,"Trieste, Friuli-Venezia Giulia, Italy"
1192,"Forney, Texas, United States"
1193,"Roxbury, New York, United States"
1194,"New Fairfield, Connecticut, United States"
1195,AR
1196,"Calgary, Alberta, Canada"
1197,"Bristol, England, United Kingdom"
1198,"Shenzhen, Guangdong, China"
1199,"Warminster, Pennsylvania, United States"
1200,"Highland, California, United States"
1201,"Littleton, Colorado, United States"
1202,"Caldwell, New Jersey, United States"
1203,"Chiang Mai, Thailand"
1204,"Doylestown, Pennsylvania, United States"
1205,"Bay Shore, New York, United States"
1206,"Indore, Madhya Pradesh, India"
1207,"Paterson, New Jersey, United States"
1208,"Karagandy, Karagandy Region, Kazakhstan"
1209,"Modi'in-Maccabim-Re'ut, Center District, Israel"
1210,"Silver Spring, Maryland, United States"
1211,"Calabasas, California, United States"
1212,"Dubbo, New South Wales, Australia"
1213,"Kinnelon, New Jersey, United States"
1214,"Stoughton, Massachusetts, United States"
1215,"Kaohsiung, Taiwan"
1216,"New Rochelle, New York, United States"
1217,"Tsing Yi Island, hong kong "
1218,"Camposanto, Emilia-Romagna, Italy"
1219,"Chiang Mai, Chiang Mai, Thailand"
1220,"Antioquia, Colombia"
1221,"Porto Belo, Santa Catarina, Brazil"
1222,"Kissimmee, Florida, United States"
1223,"Paducah, Kentucky, United States"
1224,"Kefar Sava, Center District, Israel"
1225,"Camden, New Jersey, United States"
1226,"Albertson, New York, United States"
1227,"Huntingdale, Victoria, Australia"
1228,"Sienna Plantation, Texas, United States"
1229,"Garfield, New Jersey, United States"
1230,"Port Chester, New York, United States"
1231,"Reims, Champagne-Ardenne, France"
1232,"Wheatley Heights, New York, United States"
1233,"Ho Chi Minh City, Ho Chi Minh, Vietnam"
1234,"Delhi, Delhi, India"
1235,"Evesham Township, New Jersey, United States"
1236,"San Cristobal, Táchira, Venezuela"
1237,"Bergenfield, New Jersey, United States"
1238,"Middlebury, Connecticut, United States"
1239,"Bala Cynwyd, Pennsylvania, United States"
1240,"Oceanport, New Jersey, United States"
1241,"Wilmington, Delaware, United States"
1242,"Yavne, Center District, Israel"
1243,"Scotland, United Kingdom"
1244,"Marietta, Georgia, United States"
1245,"Montanita, Santa Elena, Ecuador"
1246,BG
1247,"Mwanza, Mwanza, Tanzania"
1248,"Media, Pennsylvania, United States"
1249,"Glen Head, New York, United States"
1250,LB
1251,"Pinheiros, São Paulo, Brazil"
1252,"Cherry Hill, New Jersey, United States"
1253,"Pleasant Hill, California, United States"
1254,EE
1255,"Perth Amboy, New Jersey, United States"
1256,"South Portland, Maine, United States"
1257,"Saint Petersburg, Saint Petersburg, Russia"
1258,"Clayton, California, United States"
1259,"Port of Spain, Port of Spain Corporation, Trinidad"
1260,"Glendale, California, United States"
1261,"Troy, New York, United States"
1262,Canada
1263,"Aberystwyth, Wales, United Kingdom"
1264,"Morristown, New Jersey, United States"
1265,"Wiang, Chiang Rai, Thailand"
1266,182 North 10th St. Apt 4F
1267,"Pawleys Island, South Carolina, United States"
1268,"South Beach, Florida, United States"
1269,"Derry, New Hampshire, United States"
1270,"Grand Rapids, Michigan, United States"
1271,"Wellfleet, Massachusetts, United States"
1272,"Tel Aviv, Israel."
1273,Bolivia
1274,"Divonne-les-Bains, Rhone-Alpes, France"
1275,"Caracas, Caracas Metropolitan District, Venezuela"
1276,RU
1277,"Zurich, Canton of Zurich, Switzerland"
1278,"Bryn Mawr, Pennsylvania, United States"
1279,"Frostburg, Maryland, United States"
1280,"Mexico City, Distrito Federal, Mexico"
1281,"Stuttgart, Baden-Wurttemberg, Germany"
1282,"Bayville, New York, United States"
1283,"Clifton, New Jersey, United States"
1284,"Mount Vernon, New York, United States"
1285,"Santo Domingo, Distrito Nacional, Dominican Republ"
1286,VE
1287,"West Berlin, New Jersey, United States"
1288,"Bowie, Texas, United States"
1289,"Surabaya, East Java, Indonesia"
1290,"Viroqua, Wisconsin, United States"
1291,"Irvington, New York, United States"
1292,"Mandeville, Louisiana, United States"
1293,"Atherton, California, United States"
1294,"Haverhill, Massachusetts, United States"
1295,"Woodstock, New York, United States"
1296,"Willemstad, Curaçao, Curaçao"
1297,"Argenteuil, Île-de-France, France"
1298,"46 W 17th Street, New York, NY"
1299,"Bella Vista, Buenos Aires Province, Argentina"
1300,"Andes, New York, United States"
1301,"Lilyfield, New South Wales, Australia"
1302,"Greeley, Colorado, United States"
1303,"Wyncote, Pennsylvania, United States"
1304,"Collingwood, Victoria, Australia"
1305,"Tbilisi, Tbilisi, Georgia"
1306,"Tempe, Arizona, United States"
1307,"Sylvania, Ohio, United States"
1308,"Rhode Island, United States"
1309,"Treviso, Veneto, Italy"
1310,"Boise, Idaho, United States"
1311,"Yonghe District, New Taipei City, Taiwan"
1312,"Prague, Hlavní město Praha, Czech Republic"
1313,"Plainsboro Township, New Jersey, United States"
1314,"Haifa, Israel"
1315,"Essex, Maryland, United States"
1316,"Scheden, Lower Saxony, Germany"
1317,"Bergamo, Lombardy, Italy"
1318,"Hillsborough, California, United States"
1319,"Ibiza, Balearic Islands, Spain"
1320,"St Albans, England, United Kingdom"
1321,USA 
1322,"Suffolk County, New York"
1323,"Salvador, State of Bahia, Brazil"
1324,Colombia
1325,"Kenoza Lake, New York, United States"
1326,"Tampico, Tamaulipas, Mexico"
1327,"Istanbul, Istanbul, Turkey"
1328,"Chihuahua, Chihuahua, Mexico"
1329,"Babylon, New York, United States"
1330,"Paris, France"
1331,"Bronxville, New York, United States"
1332,"Tel Aviv, Israel "
1333,"Arecibo, Arecibo, Puerto Rico"
1334,"Auburn, Alabama, United States"
1335,"Medford, Wisconsin, United States"
1336,"Salem, Virginia, United States"
1337,"Oradell, New Jersey, United States"
1338,"Hermosa Beach, California, United States"
1339,"Surf City, North Carolina, United States"
1340,"Winter Haven, Florida, United States"
1341,"Pompano Beach, Florida, United States"
1342,"Irvington, New Jersey, United States"
1343,"Le Raincy, Île-de-France, France"
1344,"New Castle, Delaware, United States"
1345,"Shinjuku, Tokyo, Japan"
1346,"Mount Arlington, New Jersey, United States"
1347,"Conway, New Hampshire, United States"
1348,"Lima District, Lima Region, Peru"
1349,PE
1350,"Rishon LeTsiyon, Center District, Israel"
1351,"New Hyde Park, New York, United States"
1352,"Portsmouth, New Hampshire, United States"
1353,"Bloomfield Hills, Michigan, United States"
1354,"La Troncal, Cañar Province, Ecuador"
1355,"Bellwood, Illinois, United States"
1356,"Lewisburg, Tennessee, United States"
1357,GH
1358,"Nyack, New York, United States"
1359,"Deerfield Beach, Florida, United States"
1360,"Sedona, Arizona, United States"
1361,"Lima, Callao Region, Peru"
1362,HR
1363,"Methuen, Massachusetts, United States"
1364,"Göttingen, Lower Saxony, Germany"
1365,"New London, Connecticut, United States"
1366,"Montego Bay, Saint James Parish, Jamaica"
1367,"Gulf Stream, Florida, United States"
1368,"I lives in the heart of Brooklyn, where I serve my"
1369,"Bossier City, Louisiana, United States"
1370,"Northport, New York, United States"
1371,"Cornwall, New York, United States"
1372,"Lynbrook, New York, United States"
1373,"Brasília, Federal District, Brazil"
1374,"Bend, Oregon, United States"
1375,"Garden Prairie, Illinois, United States"
1376,"Lakeland, Florida, United States"
1377,"Rosario, Santa Fe Province, Argentina"
1378,"Amman, Amman, Jordan"
1379,"Malzéville, Alsace-Champagne-Ardenne-Lorraine, Fra"
1380,"Woodinville, Washington, United States"
1381,"Randolph, New Jersey, United States"
1382,"Bordeaux, Aquitaine-Limousin-Poitou-Charentes, Fra"
1383,"Kansas City, Kansas, United States"
1384,"Missoula, Montana, United States"
1385,"Brooklyn,Nicaragua, Massachusetts"
1386,"Bolton, Connecticut, United States"
1387,"Pismo Beach, California, United States"
1388,"Middlesex County, New Jersey, United States"
1389,"Waukee, Iowa, United States"
1390,"Hanover, Pennsylvania, United States"
1391,"Bristol, Connecticut, United States"
1392,"Magnolia, Maryland, United States"
1393,"Prosper, Texas, United States"
1394,"Malvern, Pennsylvania, United States"
1395,"Lincoln, Rhode Island, United States"
1396,"Orléans, Centre-Val de Loire, France"
1397,EC
1398,"Skopje, Skopje, Macedonia (FYROM)"
1399,"Mohegan Lake, New York, United States"
1400,AM
1401,"Mortagne, Grand Est, France"
1402,"Bucharest, Bucharest, Romania"
1403,"Edmond, Oklahoma, United States"
1404,"Brownsville, Texas, United States"
1405,"Sheboygan, Wisconsin, United States"
1406,"Irapuato, Guanajuato, Mexico"
1407,"Springfield, Vermont, United States"
1408,"Midway, Utah, United States"
1409,"Brandon, Florida, United States"
1410,"Moorhead, Minnesota, United States"
1411,"Winchester, Massachusetts, United States"
1412,"Delmar, New York, United States"
1413,AL
1414,"Westbury, New York, United States"
1415,"Chicago, USA/London, UK"
1416,"Ardsley, New York, United States"
1417,"Mastic, New York, United States"
1418,"Occitanie, France"
1419,"Surry Hills, New South Wales, Australia"
1420,"Saratoga, California, United States"
1421,"Hampton, Georgia, United States"
1422,"Belmar, New Jersey, United States"
1423,"Corsley, England, United Kingdom"
1424,"Santo Domingo, Santo Domingo de los Tsáchilas Prov"
1425,"Puebla, Puebla, Mexico"
1426,"Wethersfield, Connecticut, United States"
1427,"Rhinebeck, New York, United States"
1428,"North Massapequa, New York, United States"
1429,"Statesboro, Georgia, United States"
1430,"Rancho Santa Margarita, California, United States"
1431,"Pescara, Abruzzo, Italy"
1432,"Piscataway, New Jersey, United States"
1433,"Quincy, Massachusetts, United States"
1434,"Independencia, Región Metropolitana, Chile"
1435,"Christiana, Delaware, United States"
1436,"Montgomery Village, Maryland, United States"
1437,"Marlboro Township, New Jersey, United States"
1438,"Ventura, California, United States"
1439,"Stuart, Florida, United States"
1440,"Palisades Park, New Jersey, United States"
1441,"Pinellas Park, Florida, United States"
1442,DO
1443,"Petrie Terrace, Queensland, Australia"
1444,"Versailles, Île-de-France, France"
1445,"Santa Cruz de la Sierra, Santa Cruz, Bolivia"
1446,"Lemoore, California, United States"
1447,TR
1448,"Medellín, Antioquia, Colombia"
1449,"Merida, Mérida, Venezuela"
1450,"Woodbury, New York, United States"
1451,"Fuyang, Anhui, China"
1452,"Buenos Aires, Buenos Aires, Argentina"
1453,"Lincoln, Vermont, United States"
1454,"Venice, Veneto, Italy"
1455,"Haleiwa, Hawaii, United States"
1456,"Oak Hill, Virginia, United States"
1457,"Curitiba, State of Paraná, Brazil"
1458,"Aberdeen, Maryland, United States"
1459,"Boa Esperança, Mato Grosso, Brazil"
1460,"Fayetteville, Georgia, United States"
1461,"Sandy, Utah, United States"
1462,"Norrköping, Östergötland County, Sweden"
1463,"Kenilworth, Illinois, United States"
1464,"Saint-Cloud, Île-de-France, France"
1465,Russia
1466,CO
1467,"Freehold, New Jersey, United States"
1468,"Vernon Township, New Jersey, United States"
1469,"Stillwater, Oklahoma, United States"
1470,"Los Angeles County, California, United States"
1471,CL
1472,"Rancho Cucamonga, California, United States"
1473,"Bogota, Cundinamarca, Colombia"
1474,RS
1475,"Sanford, North Carolina, United States"
1476,"Bronx, New York"
1477,"Warren, New Jersey, United States"
1478,"Dorset, Vermont, United States"
1479,"Manzanola, Colorado, United States"
1480,"Aspen, Colorado, United States"
1481,"Parrish, Florida, United States"
1482,"Levallois-Perret, Île-de-France, France"
1483,"Steamboat Springs, Colorado, United States"
1484,"Elda, Valencian Community, Spain"
1485,"Kyiv, Ukraine"
1486,"Florissant, Missouri, United States"
1487,"Inwood, New York, United States"
1488,"Cedarhurst, New York, United States"
1489,It changes frequently! ;-p
1490,"Toshima, Tokyo, Japan"
1491,"Wantagh, New York, United States"
1492,"Herzliya, Israel"
1493,"Hasbrouck Heights, New Jersey, United States"
1494,"South Farmingdale, New York, United States"
1495,"Atotonilquillo, Jalisco, Mexico"
1496,"Richmond Hill, Ontario, Canada"
1497,"Villarosa, Sicilia, Italy"
1498,"Piscataway Township, New Jersey, United States"
1499,"Claremont, New Hampshire, United States"
1500,"Opol, Northern Mindanao, Philippines"
1501,"Lagos, Lagos, Nigeria"
1502,"Hudson, Florida, United States"
1503,"Belcoo, Northern Ireland, United Kingdom"
1504,KZ
1505,"Fremantle, Western Australia, Australia"
1506,"Gainesville, Georgia, United States"
1507,"Buena Park, California, United States"
1508,"Punta del Diablo, Rocha Department, Uruguay"
1509,NI
1510,UY
1511,"Belle Isle, Florida, United States"
1512,"Perm, Perm Krai, Russia"
1513,"La Tablada, Buenos Aires, Argentina"
1514,"Port-au-Prince, Ouest Department, Haiti"
1515,"State of Minas Gerais, Brazil"
1516,RO
1517,"Goiânia, State of Goiás, Brazil"
1518,"Souderton, Pennsylvania, United States"
1519,VN
1520,BY
1521,"Vaughan, Ontario, Canada"
1522,"Great Neck Plaza, New York, United States"
1523,"Alicante, Valencian Community, Spain"
1524,"Antakya, Hatay, Turkey"
1525,"Snellville, Georgia, United States"
1526,"Arnhem, Gelderland, Netherlands"
1527,"Braine-l'Alleud, Walloon Region, Belgium"
1528,"Morrow, Georgia, United States"
1529,New York State
1530,"Allendale, New Jersey, United States"
1531,"Union, New Jersey, United States"
1532,"Fargo, North Dakota, United States"
1533,"Palm Springs, California, United States"
1534,"Sanchong District, New Taipei City, Taiwan"
1535,"Upper Marlboro, Maryland, United States"
1536,"Leicester, England, United Kingdom"
1537,"Joshua Tree, California, United States"
1538,"Jamesville, New York, United States"
1539,"Cypress, California, United States"
1540,"Hong Kong Island, Hong Kong"
1541,"Boone, North Carolina, United States"
1542,"Córdoba, Cordoba, Argentina"
1543,"Trapani, Sicily, Italy"
1544,"Yerevan, Yerevan, Armenia"
1545,"Düsseldorf, North Rhine-Westphalia, Germany"
1546,"Pine Grove, Pennsylvania, United States"
1547,"Zhongzheng District, Taipei City, Taiwan"
1548,"Nur-Sultan, Kazakhstan"
1549,"Xi'an, Shaanxi, China"
1550,"Annœullin, Hauts-de-France, France"
1551,"Needham, Massachusetts, United States"
1552,"Redwood City, California, United States"
1553,"Pownal, Vermont, United States"
1554,"Sevran, Île-de-France, France"
1555,In a renovated 19th century Manhattan townhouse wi
1556,"Invercargill, Southland, New Zealand"
1557,"Delta, British Columbia, Canada"
1558,"Bishkek, Chuy Province, Kyrgyzstan"
1559,"Nottingham, England, United Kingdom"
1560,"East Lyme, Connecticut, United States"
1561,"Champs-sur-Marne, Île-de-France, France"
1562,"Abilene, Texas, United States"
1563,"Taguig City, Metro Manila, Philippines"
1564,"Clamecy, Burgandy, France"
1565,"Myrtle Beach, South Carolina, United States"
1566,"Richmond, California, United States"
1567,"Rancho Santa Fe, California, United States"
1568,GE
1569,"Falmouth, Massachusetts, United States"
1570,"Sellersville, Pennsylvania, United States"
1571,"Angra dos Reis, State of Rio de Janeiro, Brazil"
1572,"Glen Cove, New York, United States"
1573,"Egremont, Massachusetts, United States"
1574,"Manchester, Vermont, United States"
1575,"Lutz, Florida, United States"
1576,"Salisbury, Connecticut, United States"
1577,"Pearl River, New York, United States"
1578,househacking.co
1579,"Fairfax, Virginia, United States"
1580,"Brentwood, California, United States"
1581,"Ontario, Canada"
1582,"Sycamore, Illinois, United States"
1583,"Greenville, Delaware, United States"
1584,"Berwyn, Pennsylvania, United States"
1585,"El Cerrito, California, United States"
1586,"Enugu, Enugu, Nigeria"
1587,"Reading, Pennsylvania, United States"
1588,"Bridgeport, Connecticut, United States"
1589,VI
1590,"Plattsburgh, New York, United States"
1591,"Lorton, Virginia, United States"
1592,"Sayville, New York, United States"
1593,"Malden, Massachusetts, United States"
1594,"Hastings, Nebraska, United States"
1595,"Maryland, New York, United States"
1596,"Halifax, Nova Scotia, Canada"
1597,"Netanya, Israel"
1598,"Waldwick, New Jersey, United States"
1599,"Annapolis, Maryland, United States"
1600,"Holtsville, New York, United States"
1601,"Scotchtown, New York, United States"
1602,Ramallah
1603,CR
1604,"Rumson, New Jersey, United States"
1605,"Fallbrook, California, United States"
1606,Booming Bushwick
1607,"Georgetown, Colorado, United States"
1608,"Medford, New York, United States"
1609,"Jarabacoa, La Vega Province, Dominican Republic"
1610,Midtown
1611,Clinton Hill
1612,Bedford-Stuyvesant
1613,Greenwood Heights
1614,Hell's Kitchen
1615,Upper West Side
1616,Lower East Side
1617,West Village
1618,Park Slope
1619,Williamsburg
1620,East Harlem
1621,Fort Greene
1622,Windsor Terrace
1623,Inwood
1624,East Village
1625,Harlem
1626,Flatbush
1627,Alphabet City
1628,Lefferts Garden
1629,Long Island City
1630,North Williamsburg
1631,Chelsea
1632,Stuyvesant Heights
1633,East Williamsburg
1634,Greenpoint
1635,Kips Bay
1636,Soho
1637,Upper East Side
1638,Prospect Heights
1639,Washington Heights
1640,Woodside
1641,Meatpacking District
1642,Hamilton Heights
1643,Brooklyn Heights
1644,Bushwick
1645,Carroll Gardens
1646,Gowanus
1647,Flatlands
1648,Boerum Hill
1649,Kew Gardens Hill
1650,Yorkville
1651,Sunnyside
1652,St. George
1653,Tribeca
1654,Highbridge
1655,Ridgewood
1656,Morningside Heights
1657,Ditmars / Steinway
1658,Cobble Hill
1659,Flatiron District
1660,Roosevelt Island
1661,Chinatown
1662,Midtown East
1663,Greenwich Village
1664,West Brighton
1665,Astoria
1666,Soundview
1667,Eastchester
1668,Crown Heights
1669,South Williamsburg
1670,Red Hook
1671,Kingsbridge Heights
1672,The Rockaways
1673,Downtown Brooklyn
1674,Forest Hills
1675,Murray Hill
1676,Nolita
1677,Woodlawn
1678,University Heights
1679,Gravesend
1680,Gramercy Park
1681,Baychester
1682,East New York
1683,Theatre District
1684,Times Square/Theatre District
1685,Sheepshead Bay
1686,Bay Ridge
1687,Bensonhurst
1688,Rosebank
1689,Corona
1690,Fordham
1691,Elmhurst
1692,Coney Island
1693,South Beach
1694,East Flatbush
1695,Brooklyn Navy Yard
1696,South Street Seaport
1697,Rego Park
1698,Kensington
1699,Little Italy
1700,Stapleton
1701,Sunset Park
1702,Maspeth
1703,Graniteville
1704,Columbia Street Waterfront
1705,Financial District
1706,Morris Heights
1707,Brighton Beach
1708,Jackson Heights
1709,Longwood
1710,Battery Park City
1711,Bayside
1712,Times Square
1713,New Springville
1714,Prospect Lefferts Gardens
1715,Concourse
1716,Flushing
1717,Cambridge
1718,Grymes Hill
1719,Tottenville
1720,Tompkinsville
1721,Noho
1722,Mariners Harbor
1723,Concord
1724,Borough Park
1725,Allerton
1726,Melrose
1727,Richmond Hill
1728,College Point
1729,Union Square
1730,DUMBO
1731,City Island
1732,Pacific Beach
1733,Concourse Village
1734,Very young neighborhood yet a bit removed from the
1735,Riverdale
1736,Canarsie
1737,Port Morris
1738,Mott Haven
1739,Ipanema
1740,Williamsbridge
1741,Woodhaven
1742,Huguenot
1743,Hudson Square
1744,Parkchester
1745,Mid-Wilshire
1746,Bronxdale
1747,Etterbeek
1748,Sea Gate
1749,Ozone Park
1750,Whitestone
1751,Midwood
1752,Homecrest
1753,Grasmere
1754,Bedford Park
1755,Yehuda Hamaccabi
1756,Shoreditch
1757,Zona Romántica
1758,Middle Village
1759,Tremont
1760,Topanga
1761,Wakefield
1762,Clifton
1763,Norwood
1764,Lighthouse HIll
1765,Mission District
1766,Laguna Woods
1767,Utopia
1768,South Ozone Park
1769,Kew Garden Hills
1770,Hillcrest
1771,Santa Monica
1772,East Elmhurst
1773,Irvington
1774,Hollywood
1775,Civic Center
1776,Fresh Meadows
1777,Kikar Hamedina
1778,Elizabeth Bay
1779,Morris Park
1780,Crotona
1781,Brickell
1782,Morrisania
1783,Woodstock
1784,Châtelet - Les Halles - Beaubourg
1785,Manhattan Beach
1786,Marble Hill
1787,Kingsbridge
1788,Dongan Hills
1789,Northwest Washington
1790,Castleton Corners
1791,Hunts Point
1792,Ditmars Steinway
1793,Prenzlauer Berg
1794,Fenway/Kenmore
1795,The Bronx
1796,Emerson Hill
1797,West Farms
1798,Great Kills
1799,Port Richmond
1800,Gerritsen Beach
1801,Fort Wadsworth
1802,Paddington
1803,Brownsville
1804,Belmont
1805,Belltown
1806,Wicker Park
1807,Shaw
1808,New Brighton
1809,Midland Beach
1810,Echo Park
1811,Kauaʻi
1812,Dalston
1813,Spuyten Duyvil
1814,Trastevere
1815,Vinegar Hill
1816,Ludwigsvorstadt - Isarvorstadt
1817,Newport Beach
1818,Bergen Beach
1819,Wyndhurst
1820,Park Versailles
1821,New Dorp
1822,U Street Corridor
1823,Zona 8
1824,Bath Beach
1825,Barrio Santa Lucía
1826,New Dorp Beach
1827,Sanlitun
1828,Van Nest
1829,Capitol View/Capitol View Manor
1830,Cuesta Blanca
1831,Judiciary Square
1832,San Giovanni
1833,Central City
1834,Central Business District
1835,Glendale
1836,Home Park
1837,Oakwood
1838,Miami Beach
1839,Pelham Bay
1840,Waikiki
1841,Place d'Italie - Quartier Chinois
1842,Neukölln
1843,Annadale
1844,South Hill/Rathnelly
1845,Edenwald
1846,Mount Eden
1847,Howard Beach
1848,Richmond
1849,Josefov
1850,Todt Hill
1851,Santa Cruz
1852,Throgs Neck
1853,Meiers Corners
1854,Westerleigh
1855,Wesley Heights
1856,Marine Parade
1857,South Lake Tahoe
1858,Castle Hill 
1859,II Arrondissement
1860,Downtown
1861,Dyker Heights
1862,St Kilda East
1863,Claremont
1864,Rittenhouse Square
1865,Zephyr Cove
1866,Westchester Village
1867,Elm Park
1868,Westlake Hills
1869,Merkaz HaIr
1870,Upper Boggy Creek
1871,Market East
1872,Adams Morgan
1873,Bela Vista
1874,University City
1875,Mid-City
1876,Stoke Newington
1877,North Bondi
1878,"College Park, MD"
1879,Embajadores
1880,Condesa
1881,Lindenwood
1882,Friedrichshain
1883,East Downtown
1884,Santo Spirito-San Frediano
1885,Le Cabot
1886,Greenridge
1887,Oud-West
1888,Bull's Head
1889,Mission Beach
1890,Kailua/Kona
1891,Eltingville
1892,Grant City
1893,Collingwood/Fitzroy
1894,Downtown Crossing
1895,Earls Court
1896,West Town/Noble Square
1897,Queens
1898,Randall Manor
1899,Entertainment District
1900,Maida Vale
1901,Lev HaIr
1902,Shuangjing
1903,Dupont Circle
1904,Woollahra
1905,Central Area
1906,Dapuqiao
1907,Pelham Gardens
1908,Georgetown
1909,Gaslamp
1910,Pacific Heights
1911,East Bronx
1912,Montmartre
1913,Kilmainham
1914,Le Port
1915,Abbotsford
1916,Covent Garden
1917,Chicago Loop
1918,Kingsbury
1919,West Vancouver
1920,Ternes
1921,Sunny Isles Beach
1922,Cole
1923,Silver Lake
1924,Ville-Marie
1925,Outremont
1926,Ocean Hill
1927,South Robertson
1928,Palermo
1929,Table Rock
1930,City of London
1931,Cosme Velho
1932,Garden Hills/Buckhead Village/Peachtree Park
1933,Bay Terrace
1934,Pigalle - Saint-Georges
1935,Brookline
1936,Bromley-by-Bow
1937,Morumbi
1938,North Corona
1939,Camden Town
1940,Campo di Marte
1941,Marina Del Rey
1942,Mitte
1943,Prince's Bay
1944,South Lake Union
1945,Burleith
1946,Huntington Beach
1947,Pyrmont
1948,Columbia Heights
1949,Mid Island
1950,Cypress Hills
1951,Bolton
1952,Loop
1953,Esquilino
1954,Venice
1955,Roncesvalles
1956,Canal Saint-Martin
1957,Southside
1958,North Berkeley
1959,Hackney
1960,Setagaya District
1961,Peckham
1962,Washington Square West
1963,Itaim Bibi
1964,Arverne
1965,Potrero Hill
1966,Westwood
1967,West Bronx
1968,Gávea
1969,French Quarter
1970,Back Bay
1971,Wan Chai
1972,Northstar Resort
1973,Springfield Gardens
1974,Ranelagh and Rathmines
1975,Clason Point
1976,Rossville
1977,Doral
1978,Central West End
1979,Manly
1980,Notting Hill
1981,River North
1982,Alamo Square
1983,Edgewater
1984,South Jamaica
1985,Vila Madalena
1986,Mill Basin
1987,South First
1988,Capitol Hill
1989,Rockridge
1990,7th Arrondissement
1991,Lower Haight
1992,Irvine
1993,North Ironbound
1994,Frunzensky
1995,Near Northeast/H Street Corridor
1996,Historic District - North
1997,Aventura
1998,Northern Liberties
1999,Georgian Quarter
2000,Mapleton
2001,Greenacres
2002,Far Rockaway
2003,Del Mar Heights
2004,Peachtree Center
2005,Foxhurst
2006,The Heights
2007,Queens Village
2008,Napili/Honokowai
2009,Recoleta
2010,Tourist Corridor
2011,Newport
2012,Seagate
2013,Hudson Exchange
2014,North Riverdale
2015,Fordham Heights
2016,Orchard
2017,Laconia
2018,São Paulo
2019,Rue de France
2020,San Nicolás
2021,Ingleside
2022,Broadway Triangle
2023,La Jolla
2024,Saint Lawrence
2025,Westside
2026,Dutch Kills
2027,National Harbor
2028,Tzafon Yashan
2029,West Hollywood
2030,Dumbo
2031,Bridge Plaza
2032,Marine Park
2033,MLK & 183
2034,Columbia Street Waterfront District
2035,Fairview
2036,Southeast Yonkers
2037,Central LA
2038,Arrochar
2039,Makiki/Lower Punchbowl/Tantalus
2040,Hollis
2041,Moorpark
2042,Shore Acres
2043,Springfield/Belmont
2044,West Poplar
2045,Cambria Heights
2046,Cascade Green/Heritage Valley/Old Fairburn Village
2047,Bel-Air
2048,Mid-Beach
2049,Stapleton Heights
2050,South End
2051,Fieldston
2052,Westchester Square
2053,Clearwater Beach
2054,Mantua
2055,Downtown Miami
2056,Smith Bay
2057,Rockaway Beach
2058,Coral Way
2059,Parkside
2060,Almagro
2061,Kew Gardens
2062,Northeast
2063,Pennsport
2064,Cleveland
2065,Villa Crespo
2066,Whitechapel/Brick Lane
2067,North Side
2068,Lefferts Manor Historic District
2069,South Slope
2070,Prospect-Lefferts Gardens
2071,SoHo
2072,NoHo
2073,Gramercy
2074,Theater District
2075,Fort Hamilton
2076,St. Albans
2077,Briarwood
2078,Columbia St
2079,Two Bridges
2080,Woodrow
2081,Co-op City
2082,Stuyvesant Town
2083,Claremont Village
2084,Mount Hope
2085,Navy Yard
2086,Lighthouse Hill
2087,Kew Gardens Hills
2088,Jamaica Estates
2089,Bellerose
2090,Neponsit
2091,Laurelton
2092,Holliswood
2093,Edgemere
2094,Belle Harbor
2095,Rosedale
2096,Richmondtown
2097,Howland Hook
2098,Jamaica Hills
2099,Schuylerville
2100,Olinville
2101,Unionport
2102,East Morrisania
2103,Bayswater
2104,Douglaston
2105,Arden Heights
2106,Breezy Point
2107,Castle Hill
2108,Willowbrook
2109,Little Neck
2110,"Bay Terrace, Staten Island"
